{
	"Format":"2.9.0",
	"ConfigSchema": {
        "Enable Mod": {
            "Description": "Only change this from the Title Menu to avoid issues.\n\nWhen enabled, Calico Eggs go to your wallet.\nWhen disabled, they go to your inventory.",
            "AllowValues": "true, false",
            "Default": "true"
        },
        "Share Calico Eggs": {
            "Description": "Should Calico Eggs be shared between players; false by default (Only applicable in multiplayer)",
            "AllowValues": "true, false",
            "Default": "false"
        }
    },
	"Changes":[
		{
			"Action":"EditData",
			"Target":"UnlockableBundles/WalletCurrencies",
			"When": {
				"Enable Mod": "true"
            },
			"Entries":{
				"CalicoEggs":{
					"Shared": "{{Share Calico Eggs}}",
					
				    "BillboardTexture":"Tilesheets\\Objects_2",
				    "BillboardTextureWidth":16,
				    "BillboardDigits":4,
					"BillboardTexturePosition": {
                        "X": 112,
                        "Y": 0
                    },
					
				    "PlayMoneyRollSound":true,
					
				    "Items":[
						{
							"ItemId":"(O)CalicoEgg",
							"Value":1
						}
					],
					
					"PowersData":{
						"DisplayName":"Calico Eggs",
						"TexturePath":"Tilesheets\\Objects_2",
						"TexturePosition":{
							"X":112,
							"Y":0
						}
					}
				}
			}
		}
	]
}